model_family,model_scope,outcome,trait,formula,estimator,N,beta,se,p_value,ci_low,ci_high,aic_or_na,r2_or_na,var_study_or_na,var_species_or_na,note
primary_seq,pooled,log_richness,Root diameter,log_richness ~ Q('Root diameter') + log_total_reads + MAT + MAP + C(source) + woody_binary,OLS_cluster_study,750,-0.2872673986275666,0.19596349859432882,0.14266926680204006,-0.6713487981569166,0.09681400090178338,566.0061071087164,0.9429729002748883,,,Singular matrix
primary_genus,pooled,log_genus_richness,Root diameter,log_genus_richness ~ Q('Root diameter') + log_total_reads + MAT + MAP + C(source) + woody_binary,OLS_cluster_study,481,-0.3042947981687078,0.2831070738168355,0.2824463828193676,-0.8591744666182279,0.2505848702808123,214.40894924107374,0.3790142473553564,,,Singular matrix
interaction_seq,pooled,log_richness,Root diameter,log_richness ~ Q('Root diameter') * woody_binary + log_total_reads + MAT + MAP + C(source),OLS_cluster_study,750,-0.14363369931383135,0.09804775250392844,0.14293833256245192,-0.335803762986628,0.0485363643589653,566.0061071087162,0.9429729002748883,,,Singular matrix
residual_seq,pooled,richness_resid_seq,Root diameter,richness_resid_seq ~ Q('Root diameter') + MAT + MAP + C(source) + woody_binary,OLS_cluster_study,481,-0.44415268102269145,0.33275965498913734,0.18195647936287385,-1.0963496203093748,0.20804425826399187,417.81499687940436,0.03260201048545608,,,Singular matrix
residual_genus,pooled,richness_resid_genus,Root diameter,richness_resid_genus ~ Q('Root diameter') + MAT + MAP + C(source) + woody_binary,OLS_cluster_study,481,-0.3065072929489422,0.28180139951720834,0.276740244554755,-0.8588278867956535,0.2458133008977691,212.73400107438783,0.1897722863732213,,,Singular matrix
primary_seq,source=EcoBank,log_richness,Root diameter,log_richness ~ Q('Root diameter') + log_total_reads + MAT + MAP + woody_binary,OLS_cluster_study,269,0.012678746443846341,0.011928650678976933,0.28783552947243496,-0.01070097927110771,0.03605847215880039,-1264.8750519528041,0.9985231484975068,,,Singular matrix
primary_seq,source=GlobalAMFungi,log_richness,Root diameter,log_richness ~ Q('Root diameter') + log_total_reads + MAT + MAP + woody_binary,OLS_cluster_study,481,-0.4159759162876604,0.33820332719330615,0.21871280160819007,-1.0788422570381564,0.2468904244628355,384.114567830219,0.9596306246915147,,,Singular matrix
primary_seq,pooled,log_richness,Root tissue density (RTD),log_richness ~ Q('Root tissue density (RTD)') + log_total_reads + MAT + MAP + C(source) + woody_binary,OLS_cluster_study,495,-0.03967759740791856,0.2299290619606747,0.8629937451262373,-0.4903302778499195,0.4109750830340824,290.8078157585918,0.9409097138470954,,,Singular matrix
primary_genus,pooled,log_genus_richness,Root tissue density (RTD),log_genus_richness ~ Q('Root tissue density (RTD)') + log_total_reads + MAT + MAP + C(source) + woody_binary,OLS_cluster_study,304,0.07474632365684213,0.24542002654387837,0.760697563163909,-0.40626808945402354,0.5557607367677078,70.50245965853776,0.4307789339620598,,,Singular matrix
interaction_seq,pooled,log_richness,Root tissue density (RTD),log_richness ~ Q('Root tissue density (RTD)') * woody_binary + log_total_reads + MAT + MAP + C(source),OLS_cluster_study,495,-0.019838798703853154,0.11508250384972676,0.8631328059212057,-0.24539636150000974,0.2057187640923034,290.8078157585918,0.9409097138470954,,,Singular matrix
residual_seq,pooled,richness_resid_seq,Root tissue density (RTD),richness_resid_seq ~ Q('Root tissue density (RTD)') + MAT + MAP + C(source) + woody_binary,OLS_cluster_study,304,-0.0920431109382091,0.2982017628350085,0.7575797793801714,-0.6765078262211806,0.4924216043447623,209.00309177124666,0.07311857975988723,,,Singular matrix
residual_genus,pooled,richness_resid_genus,Root tissue density (RTD),richness_resid_genus ~ Q('Root tissue density (RTD)') + MAT + MAP + C(source) + woody_binary,OLS_cluster_study,304,0.0684646751457373,0.2456858962162356,0.7805000040224681,-0.41307083294753005,0.5500001832390047,78.47787634697079,0.2736581324648947,,,Singular matrix
primary_seq,source=EcoBank,log_richness,Root tissue density (RTD),log_richness ~ Q('Root tissue density (RTD)') + log_total_reads + MAT + MAP + woody_binary,OLS_cluster_study,191,0.027912899226572113,0.025622459204709378,0.2759811067991026,-0.022306198010005066,0.07813199646314929,-908.9642192208798,0.9984365270472071,,,Singular matrix
primary_seq,source=GlobalAMFungi,log_richness,Root tissue density (RTD),log_richness ~ Q('Root tissue density (RTD)') + log_total_reads + MAT + MAP + woody_binary,OLS_cluster_study,304,-0.07801261063662818,0.2888112878578017,0.7870708512973962,-0.6440723331665497,0.48804711189329336,177.3379125289522,0.9615683182975828,,,Singular matrix
primary_seq,pooled,log_richness,Specific root area (SRA),log_richness ~ Q('Specific root area (SRA)') + log_total_reads + MAT + MAP + C(source) + woody_binary,OLS_cluster_study,264,-8.77641323353612e-05,0.000161664779921874,0.5872143155958154,-0.00040462127855082826,0.00022909301388010587,174.20325363241807,0.9320586595420626,,,Singular matrix
primary_genus,pooled,log_genus_richness,Specific root area (SRA),log_genus_richness ~ Q('Specific root area (SRA)') + log_total_reads + MAT + MAP + C(source) + woody_binary,OLS_cluster_study,177,0.0001567945473474347,0.00023696386441676405,0.5081755200665279,-0.00030764609254685534,0.0006212351872417247,28.857023469000183,0.49045408163237647,,,Singular matrix
interaction_seq,pooled,log_richness,Specific root area (SRA),log_richness ~ Q('Specific root area (SRA)') * woody_binary + log_total_reads + MAT + MAP + C(source),OLS_cluster_study,264,-4.388206615188597e-05,8.099011184800069e-05,0.5879424802676474,-0.00020261976847783805,0.00011485563617406611,174.20325363241795,0.9320586595420626,,,Singular matrix
residual_seq,pooled,richness_resid_seq,Specific root area (SRA),richness_resid_seq ~ Q('Specific root area (SRA)') + MAT + MAP + C(source) + woody_binary,OLS_cluster_study,177,-2.71447412495532e-05,5.369392649103355e-05,0.6131755095740249,-0.00013238290336052008,7.809342086141368e-05,134.09524380531576,0.14228265044695698,,,Singular matrix
residual_genus,pooled,richness_resid_genus,Specific root area (SRA),richness_resid_genus ~ Q('Specific root area (SRA)') + MAT + MAP + C(source) + woody_binary,OLS_cluster_study,177,0.0001445756508699993,0.0002551138740893735,0.5709110464397091,-0.00035543835430165883,0.0006445896560416575,27.575723762941323,0.3214680189932789,,,Singular matrix
primary_seq,source=EcoBank,log_richness,Specific root area (SRA),log_richness ~ Q('Specific root area (SRA)') + log_total_reads + MAT + MAP + woody_binary,OLS_cluster_study,87,-1.3948309397997629e-05,2.2650348934511044e-05,0.5380199843247533,-5.834217754690446e-05,3.0445558750909206e-05,-392.4090877713225,0.998428849285776,,,Singular matrix
primary_seq,source=GlobalAMFungi,log_richness,Specific root area (SRA),log_richness ~ Q('Specific root area (SRA)') + log_total_reads + MAT + MAP + woody_binary,OLS_cluster_study,177,-1.1048682640364489e-07,8.241528810298376e-05,0.9989303476505076,-0.0001616414832837442,0.0001614205096309369,134.16131279799157,0.9442534205781322,,,Singular matrix
primary_seq,pooled,log_richness,Root N content,log_richness ~ Q('Root N content') + log_total_reads + MAT + MAP + C(source) + woody_binary,MixedLM,834,-0.006414840666787752,0.006290326195925789,0.30782588626831997,-0.018743653461811144,0.005913972128235638,473.1975909757193,,0.034128017634877945,0.016163253455201514,
primary_genus,pooled,log_genus_richness,Root N content,log_genus_richness ~ Q('Root N content') + log_total_reads + MAT + MAP + C(source) + woody_binary,MixedLM,559,-0.0031180115477659155,0.005103334378788702,0.5412158942301748,-0.013120363131256862,0.006884340035725031,183.01878728911697,,0.03478867526493114,0.0009128088580370162,
interaction_seq,pooled,log_richness,Root N content,log_richness ~ Q('Root N content') * woody_binary + log_total_reads + MAT + MAP + C(source),MixedLM,834,-1.0064148406667917,100343.34955614446,0.9999919974480953,-196670.357632997,196668.34480331567,475.1975909757193,,0.03412801763487609,0.016163253455203117,
residual_seq,pooled,richness_resid_seq,Root N content,richness_resid_seq ~ Q('Root N content') + MAT + MAP + C(source) + woody_binary,MixedLM,559,-0.0003909296902429876,0.007769395813192563,0.9598700844717285,-0.015618665665736697,0.014836806285250722,315.2828514099815,,0.029642666493069965,0.014512972811834043,
residual_genus,pooled,richness_resid_genus,Root N content,richness_resid_genus ~ Q('Root N content') + MAT + MAP + C(source) + woody_binary,MixedLM,559,-0.003964987178592059,0.0052909001337813595,0.45361767492110494,-0.014334960886601678,0.00640498652941756,185.21156178626507,,0.031549519860821024,0.0011933788218300482,
primary_seq,source=EcoBank,log_richness,Root N content,log_richness ~ Q('Root N content') + log_total_reads + MAT + MAP + woody_binary,MixedLM,275,-0.0009569894758475508,0.0008611328101609763,0.2664329514713649,-0.0026447787696688317,0.0007307998179737302,-890.5853569389071,,3.0516495431836487e-05,3.0516495431836487e-05,
primary_seq,source=GlobalAMFungi,log_richness,Root N content,log_richness ~ Q('Root N content') + log_total_reads + MAT + MAP + woody_binary,MixedLM,559,0.0014724535810366186,0.0075810409991607835,0.8459970341719227,-0.013386113742640064,0.016331020904713302,299.5436754765783,,0.04855753417676584,0.01166257831235315,
primary_seq,pooled,log_richness,Root P content,log_richness ~ Q('Root P content') + log_total_reads + MAT + MAP + C(source) + woody_binary,OLS_cluster_study,457,-0.038777565142901295,0.03912580767589411,0.3216370380842941,-0.11546273905369456,0.03790760876789196,337.4656005997442,0.9565126497300378,,,Singular matrix
primary_genus,pooled,log_genus_richness,Root P content,log_genus_richness ~ Q('Root P content') + log_total_reads + MAT + MAP + C(source) + woody_binary,OLS_cluster_study,343,0.11512167617840101,0.10557790589745498,0.27553895204718526,-0.09180721694376974,0.32205056930057174,193.57675537334967,0.28451563145461156,,,Singular matrix
interaction_seq,pooled,log_richness,Root P content,log_richness ~ Q('Root P content') * woody_binary + log_total_reads + MAT + MAP + C(source),OLS_cluster_study,457,-0.019388782571464307,0.01958467669258721,0.32217530085609924,-0.057774043537796256,0.018996478394867643,337.4656005997442,0.9565126497300378,,,Singular matrix
residual_seq,pooled,richness_resid_seq,Root P content,richness_resid_seq ~ Q('Root P content') + MAT + MAP + C(source) + woody_binary,OLS_cluster_study,343,-0.051247495892746214,0.06361118040376718,0.4204524084606175,-0.17592311849820993,0.0734281267127175,185.42283810188212,0.02289628510907238,,,Singular matrix
residual_genus,pooled,richness_resid_genus,Root P content,richness_resid_genus ~ Q('Root P content') + MAT + MAP + C(source) + woody_binary,OLS_cluster_study,343,0.11031639850858992,0.10908170860191724,0.3118638012837214,-0.10347982172326088,0.3241126187404407,192.97468972386923,0.10929567761636017,,,Singular matrix
primary_seq,source=EcoBank,log_richness,Root P content,log_richness ~ Q('Root P content') + log_total_reads + MAT + MAP + woody_binary,OLS_cluster_study,114,-0.0026369475717780665,0.005565261720164239,0.6356263152945115,-0.013544660107839404,0.008270764964283271,-315.2380291997904,0.9949939689563042,,,Singular matrix
primary_seq,source=GlobalAMFungi,log_richness,Root P content,log_richness ~ Q('Root P content') + log_total_reads + MAT + MAP + woody_binary,OLS_cluster_study,343,-0.041227860076319914,0.054884104040797334,0.4525441288107994,-0.14879872732003194,0.06634300716739211,181.1655491419766,0.9714761617119928,,,Singular matrix
