id,paper_id,latitude,longitude,continent,Biome,MAT,MAP,pH,year_of_sampling,plant_species,amf_seq_richness,amf_genus_richness,total_reads
1516,Davison_2015_1GM,-38.6993,-71.6155,South America,forest,8.0,1287,5.7,2012.0,Embothrium coccineum,5,2,18
1838,Correia_2019_1AP,-18.884,34.4106,Africa,woodland,24.6,988,,2014.0,Faidherbia albida,156,3,27455
1882,Correia_2019_1AP,-18.9118,34.3904,Africa,woodland,24.6,967,,2015.0,Capparis erythrocarpus,2,1,4
2413,Davison_2015_1GM,53.0425,158.67,Asia,forest,2.0,929,4.2,2010.0,Veratrum oxysepalum,6,1,72
2542,Davison_2015_1GM,14.5822,-17.0161,Africa,grassland,25.8,477,6.4,2011.0,Enteropogon prieurii,60,1,15300
2792,Davison_2018_1AQ,78.2006,15.8153,Europe,tundra,-5.9,275,5.7,2009.0,Saxifraga oppositifolia,7,2,49
3229,Chen_2018_1BU,35.12,107.41,Asia,forest,9.7,750,8.0,2013.0,Platycladus orientalis,7,1,98
3246,Davison_2015_1GM,61.2536,73.1664,Asia,forest,-1.5,569,4.8,2010.0,Festuca ovina,53,2,13157
3286,Correia_2019_1AP,-19.028,34.1836,Africa,woodland,24.2,1033,,2015.0,Colophospermum mopane,4,1,24
3403,Davison_2018_1AQ,-41.7728,147.303,Australia,woodland,12.0,604,4.3,2011.0,Rytidosperma setaceum,1,1,1
3693,Correia_2019_1AP,-19.0223,34.1814,Africa,woodland,24.2,1001,,2014.0,Zyziphus mauritiana,1,1,1
3724,Davison_2015_1GM,-32.7561,-64.9244,South America,grassland,9.8,931,,2007.0,Chaerophyllum andicola,9,2,265
3839,Davison_2018_1AQ,16.1783,-61.7317,Europe,forest,23.5,1986,4.2,2011.0,Psychotria urbaniana,9,2,69
3929,Davison_2018_1AQ,35.4592,23.8008,Europe,woodland,18.1,744,6.2,2009.0,Hypericum empetrifolium,11,1,352
4007,Correia_2019_1AP,-18.9639,34.3836,Africa,woodland,24.5,1010,,2015.0,Crossopterix febrifuga,11,4,83
4544,Davison_2015_1GM,-33.988,18.9555,Africa,shrubland,15.6,1120,,2010.0,Muraltia alopecuroides,6,1,54
4612,Davison_2018_1AQ,16.8133,-22.9158,Africa,desert,23.0,86,7.6,2009.0,Lotus brunneri,2,1,4
4651,Davison_2015_1GM,-33.6753,151.214,Australia,forest,17.0,1316,3.9,2010.0,Pultenaea daphnoides,12,1,348
4752,Davison_2015_1GM,-52.055,-71.4225,South America,grassland,6.3,344,5.3,2012.0,Rumex acetosella,12,2,234
4771,Davison_2015_1GM,0.6172,10.4136,Africa,forest,22.2,2432,,2009.0,Dicranopteris linearis,92,1,22264
4775,Davison_2015_1GM,16.8594,100.465,Asia,forest,27.0,1519,4.6,2009.0,Cenchrus polystachios,2,2,2
4918,Davison_2015_1GM,22.3744,81.9022,Asia,forest,25.3,1262,5.45,2011.0,Crotalaria prostrata,1,1,1
5087,Davison_2015_1GM,16.8594,100.465,Asia,forest,27.0,1519,5.2,2009.0,Acanthaceae sp.,2,1,2
5111,Sheldrake_2017_86BA,9.11006,-79.8434,North America,forest,26.1,2921,5.5,2012.0,Heisteria concinna,3,1,18
5148,Davison_2015_1GM,-38.6993,-71.6155,South America,forest,8.0,1287,5.7,2012.0,Oxalis valdiviensis,6,2,26
5228,Davison_2015_1GM,69.8136,27.1736,Europe,tundra,-0.7,387,,2008.0,Cornus suecica,24,2,707
5327,Davison_2015_1GM,16.8594,100.465,Asia,forest,27.0,1519,4.6,2009.0,Elephantopus scaber,35,1,1470
5403,Davison_2015_1GM,-2.6814,35.1208,Africa,grassland,20.0,726,6.8,2012.0,Sporobolus ioclados,5,2,66
5477,Davison_2015_1GM,39.2433,-86.2167,North America,forest,12.1,1197,3.5,2011.0,Krigia biflora,4,1,44
5503,Davison_2015_1GM,22.3744,81.9022,Asia,forest,25.3,1262,5.45,2011.0,Sarcococca sp.,5,1,30
5769,Davison_2015_1GM,16.8594,100.465,Asia,forest,27.0,1519,5.2,2009.0,Vietnamosasa pusilla,30,1,2790
5791,Davison_2018_1AQ,-22.1822,166.732,Australia,shrubland,22.2,1720,4.3,2011.0,Lomandra insularis,2,1,6
5844,Davison_2018_1AQ,78.2006,15.8153,Europe,tundra,-5.9,275,5.7,2009.0,Alopecurus magellanicus,3,1,9
6069,Davison_2015_1GM,5.2572,-52.9297,South America,forest,26.1,2540,3.9,2007.0,Dicorynia guianensis,1,1,1
6539,Benucci_2020_1AF,-41.2582,174.772,Australia,forest,13.1,1116,,2014.0,Selaginella kraussiana,3,2,5
6549,Davison_2015_1GM,39.2361,-86.2205,North America,forest,12.1,1196,5.0,2011.0,Parthenocissus quinquefolia,3,1,21
6564,Davison_2018_1AQ,16.8053,-22.9211,Africa,desert,23.3,78,7.5,2009.0,Crotalaria microphylla,29,1,2465
6629,Davison_2015_1GM,0.6172,10.4136,Africa,forest,22.2,2432,,2009.0,Musanga cecropioides,1,1,1
6813,Davison_2018_1AQ,-22.1836,166.729,Australia,shrubland,22.5,1590,6.0,2011.0,Montrouziera sphaeroidea,7,1,133
6834,Davison_2015_1GM,-37.3333,142.15,Australia,grassland,13.5,643,5.3,2010.0,Tricoryne elatior,1,1,2
6953,Davison_2015_1GM,30.5933,34.7114,Asia,desert,16.9,114,,2009.0,Helianthemum sp.,1,1,1
6976,Davison_2015_1GM,-37.3333,142.15,Australia,grassland,13.5,643,5.3,2010.0,Solenogyne dominii,5,1,170
7011,Davison_2015_1GM,41.9333,43.4233,Asia,forest,7.8,984,4.2,2010.0,Cardamine bulbifera,1,1,1
7084,Davison_2015_1GM,44.7544,-0.395278,Europe,forest,13.5,881,,2008.0,Rubia peregrina,2,1,4
7137,Davison_2015_1GM,43.5911,-1.2481,Europe,forest,14.4,1374,,2008.0,Betonica officinalis,1,1,1
7169,Davison_2015_1GM,22.3772,81.8992,Asia,forest,25.2,1404,5.45,2011.0,Ageratum conyzoides,8,4,26
7453,Davison_2015_1GM,0.6172,10.4136,Africa,forest,22.2,2432,3.6,2009.0,Triplophyllum vogelii,2,2,2
7704,Davison_2015_1GM,56.06,159.912,Asia,forest,0.0,477,4.8,2010.0,Geranium erianthum,3,2,5
7719,Davison_2015_1GM,5.2583,-52.9297,South America,forest,26.1,2590,3.9,2007.0,Eperua falcata,1,1,1
7727,Davison_2018_1AQ,78.2006,15.8153,Europe,tundra,-5.9,275,5.7,2009.0,Saxifraga cespitosa,1,1,1
